product_id,product_name,category,discounted_price,actual_price,discount_Percentage,rating,rating_count,main_category
B07JW9H4J1,"Wayona Nylon Braided USB to Lightning Fast Charging and Data Sync Cable Compatible for iPhone 13, 12,11, X, 8, 7, 6, 5, iPad Air, Pro, Mini (3 FT Pack of 1, Grey)",Computers&Accessories|Accessories&Peripherals|Cables&Accessories|Cables|USBCables,399,1099,0.64,4.2,24269,Computers&Accessories
B098NS6PVG,"Ambrane Unbreakable 60W / 3A Fast Charging 1.5m Braided Type C Cable for Smartphones, Tablets, Laptops & other Type C devices, PD Technology, 480Mbps Data Sync, Quick Charge 3.0 (RCT15A, Black)",Computers&Accessories|Accessories&Peripherals|Cables&Accessories|Cables|USBCables,199,349,0.43,4,43994,Computers&Accessories
B096MSW6CT,"Sounce Fast Phone Charging Cable & Data Sync USB Cable Compatible for iPhone 13, 12,11, X, 8, 7, 6, 5, iPad Air, Pro, Mini & iOS Devices",Computers&Accessories|Accessories&Peripherals|Cables&Accessories|Cables|USBCables,199,1899,0.9,3.9,7928,Computers&Accessories
B08HDJ86NZ,"boAt Deuce USB 300 2 in 1 Type-C & Micro USB Stress Resistant, Tangle-Free, Sturdy Cable with 3A Fast Charging & 480mbps Data Transmission, 10000+ Bends Lifespan and Extended 1.5m Length(Martian Red)",Computers&Accessories|Accessories&Peripherals|Cables&Accessories|Cables|USBCables,329,699,0.53,4.2,94363,Computers&Accessories
B08CF3B7N1,"Portronics Konnect L 1.2M Fast Charging 3A 8 Pin USB Cable with Charge & Sync Function for iPhone, iPad (Grey)",Computers&Accessories|Accessories&Peripherals|Cables&Accessories|Cables|USBCables,154,399,0.61,4.2,16905,Computers&Accessories
B08Y1TFSP6,"pTron Solero TB301 3A Type-C Data and Fast Charging Cable, Made in India, 480Mbps Data Sync, Strong and Durable 1.5-Meter Nylon Braided USB Cable for Type-C Devices for Charging Adapter (Black)",Computers&Accessories|Accessories&Peripherals|Cables&Accessories|Cables|USBCables,149,1000,0.85,3.9,24871,Computers&Accessories
B08WRWPM22,"boAt Micro USB 55 Tangle-free, Sturdy Micro USB Cable with 3A Fast Charging & 480mbps Data Transmission (Black)",Computers&Accessories|Accessories&Peripherals|Cables&Accessories|Cables|USBCables,177,499,0.65,4.1,15188,Computers&Accessories
B08DDRGWTJ,"MI Usb Type-C Cable Smartphone (Black)",Computers&Accessories|Accessories&Peripherals|Cables&Accessories|Cables|USBCables,229,299,0.23,4.3,30411,Computers&Accessories
B008IFXQFU,"TP-Link USB WiFi Adapter for PC(TL-WN725N), N150 Wireless Network Adapter for Desktop - Nano Size WiFi Dongle Compatible with Windows 11/10/7/8/8.1/XP/ Mac OS 10.9-10.15 Linux Kernel 2.6.18-4.4.3",Computers&Accessories|NetworkingDevices|NetworkAdapters|WirelessUSBAdapters,499,999,0.5,4.2,179691,Computers&Accessories
B082LZGK39,"Ambrane Unbreakable 60W / 3A Fast Charging 1.5m Braided Micro USB Cable for Smartphones, Tablets, Laptops & Other Micro USB Devices, 480Mbps Data Sync, Quick Charge 3.0 (RCM15, Black)",Computers&Accessories|Accessories&Peripherals|Cables&Accessories|Cables|USBCables,199,299,0.33,4,43994,Computers&Accessories
B08CF3D7QR,"Portronics Konnect L POR-1081 Fast Charging 3A Type-C Cable 1.2Meter with Charge & Sync Function for All Type-C Devices (Grey)",Computers&Accessories|Accessories&Peripherals|Cables&Accessories|Cables|USBCables,154,339,0.55,4.3,13391,Computers&Accessories
B0789LZTCJ,"boAt Rugged v3 Extra Tough Unbreakable Braided Micro USB Cable 1.5 Meter (Black)",Computers&Accessories|Accessories&Peripherals|Cables&Accessories|Cables|USBCables,299,799,0.63,4.2,94363,Computers&Accessories
B07KSMBL2H,"AmazonBasics Flexible Premium HDMI Cable (Black, 4K@60Hz, 18Gbps), 3-Foot","Electronics|HomeTheater,TV&Video|Accessories|Cables|HDMICables",219,700,0.69,4.4,426973,Electronics
B085DTN6R2,"Portronics Konnect CL 20W POR-1067 Type-C to 8 Pin USB 1.2M Cable with Power Delivery & 3A Quick Charge Support, Nylon Braided for All Type-C and 8 Pin Devices, Green",Computers&Accessories|Accessories&Peripherals|Cables&Accessories|Cables|USBCables,350,899,0.61,4.2,2262,Computers&Accessories
B09KLVMZ3B,"Portronics Konnect L 1.2M POR-1401 Fast Charging 3A 8 Pin USB Cable with Charge & Sync Function (White)",Computers&Accessories|Accessories&Peripherals|Cables&Accessories|Cables|USBCables,159,399,0.6,4.1,4768,Computers&Accessories
B083342NKJ,"MI Braided USB Type-C Cable for Charging Adapter (Red)",Computers&Accessories|Accessories&Peripherals|Cables&Accessories|Cables|USBCables,349,399,0.13,4.4,18757,Computers&Accessories
B0B6F7LX4C,"MI 80 cm (32 inches) 5A Series HD Ready Smart Android LED TV L32M7-5AIN (Black)","Electronics|HomeTheater,TV&Video|Televisions|SmartTelevisions",13999,24999,0.44,4.2,32840,Electronics
B082LSVT4B,"Ambrane Unbreakable 60W / 3A Fast Charging 1.5m Braided Type C to Type C Cable for Smartphones, Tablets, Laptops & Other Type C Devices, PD Technology, 480Mbps Data Sync (RCTT15, Black)",Computers&Accessories|Accessories&Peripherals|Cables&Accessories|Cables|USBCables,249,399,0.38,4,43994,Computers&Accessories
B08WRBG3XW,"boAt Type C A325 Tangle-free, Sturdy Type C Cable with 3A Rapid Charging & 480mbps Data Transmission(Black)",Computers&Accessories|Accessories&Peripherals|Cables&Accessories|Cables|USBCables,199,499,0.6,4.1,13045,Computers&Accessories
B08DPLCM6T,"LG 80 cm (32 inches) HD Ready Smart LED TV 32LM563BPTC (Dark Iron Gray)","Electronics|HomeTheater,TV&Video|Televisions|SmartTelevisions",13490,21990,0.39,4.3,11976,Electronics
B09C6HXFC1,"Duracell USB Lightning Apple Certified (Mfi) Braided Sync & Charge Cable For Iphone, Ipad And Ipod. Fast Charging Lightning Cable, 3.9 Feet (1.2M) - Black",Computers&Accessories|Accessories&Peripherals|Cables&Accessories|Cables|USBCables,970,1799,0.46,4.5,815,Computers&Accessories
B085194JFL,"tizum HDMI to VGA Adapter Cable 1080P for Projector, Computer, Laptop, TV, Projectors & TV","Electronics|HomeTheater,TV&Video|Accessories|Cables|HDMICables",279,499,0.44,3.7,10962,Electronics
B09F6S8BT6,"Samsung 80 cm (32 Inches) Wondertainment Series HD Ready LED Smart TV UA32T4340BKXXL (Glossy Black)","Electronics|HomeTheater,TV&Video|Televisions|SmartTelevisions",13490,22900,0.41,4.3,16299,Electronics
B09NHVCHS9,"Flix Micro Usb Cable For Smartphone (Black)",Computers&Accessories|Accessories&Peripherals|Cables&Accessories|Cables|USBCables,59,199,0.7,4,9378,Computers&Accessories
B0B1YVCJ2Y,"Acer 80 cm (32 inches) I Series HD Ready Android Smart LED TV AR32AR2841HDFL (Black)","Electronics|HomeTheater,TV&Video|Televisions|SmartTelevisions",11499,19990,0.42,4.3,4703,Electronics
B01M4GGIVU,"Tizum High Speed HDMI Cable with Ethernet | Supports 3D 4K | for All HDMI Devices Laptop Computer Gaming Console TV Set Top Box (1.5 Meter/ 5 Feet)","Electronics|HomeTheater,TV&Video|Accessories|Cables|HDMICables",199,699,0.72,4.2,12153,Electronics
B08B42LWKN,"OnePlus 80 cm (32 inches) Y Series HD Ready LED Smart Android TV 32Y1 (Black)","Electronics|HomeTheater,TV&Video|Televisions|SmartTelevisions",14999,19999,0.25,4.2,34899,Electronics
B094JNXNPV,"Ambrane Unbreakable 3 in 1 Fast Charging Braided Multipurpose Cable for Speaker with 2.1 A Speed - 1.25 meter, Black",Computers&Accessories|Accessories&Peripherals|Cables&Accessories|Cables|USBCables,299,399,0.25,4,2766,Computers&Accessories
B09W5XR9RT,"Duracell USB C To Lightning Apple Certified (Mfi) Braided Sync & Charge Cable For Iphone, Ipad And Ipod. Fast Charging Lightning Cable, 3.9 Feet (1.2M) - Black",Computers&Accessories|Accessories&Peripherals|Cables&Accessories|Cables|USBCables,970,1999,0.51,4.4,184,Computers&Accessories
B077Z65HSD,"boAt A400 USB Type-C to USB-A 2.0 Male Data Cable, 2 Meter (Black)",Computers&Accessories|Accessories&Peripherals|Cables&Accessories|Cables|USBCables,299,999,0.7,4.3,20850,Computers&Accessories
B00NH11PEY,"AmazonBasics USB 2.0 - A-Male to A-Female Extension Cable for Personal Computer, Printer (Black, 9.8 Feet/3 Meters)",Computers&Accessories|Accessories&Peripherals|Cables&Accessories|Cables|USBCables,199,750,0.73,4.5,74976,Computers&Accessories
B09CMM3VGK,"Ambrane 60W / 3A Type C Fast Charging Unbreakable 1.5m L Shaped Braided Cable, PD Technology, 480Mbps Data Transfer for Smartphones, Tablet, Laptops & other type c devices (ABLC10, Black)",Computers&Accessories|Accessories&Peripherals|Cables&Accessories|Cables|USBCables,179,499,0.64,4,1934,Computers&Accessories
B08QSC1XY8,"Zoul USB C 60W Fast Charging 3A 6ft/2M Long Type C Nylon Braided Data Cable Quick Charger Cable QC 3.0 for Samsung Galaxy M31S M30 S10 S9 S20 Plus, Note 10 9 8, A20e A40 A50 A70 (2M, Grey)",Computers&Accessories|Accessories&Peripherals|Cables&Accessories|Cables|USBCables,389,1099,0.65,4.3,974,Computers&Accessories
B008FWZGSG,"Samsung Original Type C to C Cable - 3.28 Feet (1 Meter), White",Computers&Accessories|Accessories&Peripherals|Cables&Accessories|Cables|USBCables,599,599,0,4.3,355,Computers&Accessories
B0B4HJNPV4,"pTron Solero T351 3.5Amps Fast Charging Type-C to Type-C PD Data & Charging USB Cable, Made in India, 480Mbps Data Sync, Durable 1 Meter Long Cable for Type-C Smartphones, Tablets & Laptops (Black)",Computers&Accessories|Accessories&Peripherals|Cables&Accessories|Cables|USBCables,199,999,0.8,3.9,1075,Computers&Accessories
B08Y1SJVV5,"pTron Solero MB301 3A Micro USB Data & Charging Cable, Made in India, 480Mbps Data Sync, Strong & Durable 1.5-Meter Nylon Braided USB Cable for Micro USB Devices - (Black)",Computers&Accessories|Accessories&Peripherals|Cables&Accessories|Cables|USBCables,99,667,0.85,3.9,24871,Computers&Accessories
B07XLCFSSN,"Amazonbasics Nylon Braided Usb-C To Lightning Cable, Fast Charging Mfi Certified Smartphone, Iphone Charger (6-Foot, Dark Grey)",Computers&Accessories|Accessories&Peripherals|Cables&Accessories|Cables|USBCables,899,1900,0.53,4.4,13552,Computers&Accessories
B09RZS1NQT,"Sounce 65W OnePlus Dash Warp Charge Cable, 6.5A Type-C to USB C PD Data Sync Fast Charging Cable Compatible with One Plus 8T/ 9/ 9R/ 9 pro/ 9RT/ 10R/ Nord & for All Type C Devices â€“ Red, 1 Meter",Computers&Accessories|Accessories&Peripherals|Cables&Accessories|Cables|USBCables,199,999,0.8,4,576,Computers&Accessories
B0B3MMYHYW,"OnePlus 126 cm (50 inches) Y Series 4K Ultra HD Smart Android LED TV 50Y1S Pro (Black)","Electronics|HomeTheater,TV&Video|Televisions|SmartTelevisions",32999,45999,0.28,4.2,7298,Electronics
B09C6HWG18,"Duracell Type C To Type C 5A (100W) Braided Sync & Fast Charging Cable, 3.9 Feet (1.2M). USB C to C Cable, Supports PD & QC 3.0 Charging, 5 GBPS Data Transmission â€“ Black",Computers&Accessories|Accessories&Peripherals|Cables&Accessories|Cables|USBCables,970,1999,0.51,4.2,462,Computers&Accessories
B00NH11KIK,"AmazonBasics USB 2.0 Cable - A-Male to B-Male - for Personal Computer, Printer- 6 Feet (1.8 Meters), Black",Computers&Accessories|Accessories&Peripherals|Cables&Accessories|Cables|USBCables,209,695,0.7,4.5,107687,Computers&Accessories
B09JPC82QC,"Mi 108 cm (43 inches) Full HD Android LED TV 4C | L43M6-INC (Black)","Electronics|HomeTheater,TV&Video|Televisions|SmartTelevisions",19999,34999,0.43,4.3,27151,Electronics
B07JW1Y6XV,"Wayona Nylon Braided 3A Lightning to USB A Syncing and Fast Charging Data Cable for iPhone, Ipad (3 FT Pack of 1, Black)",Computers&Accessories|Accessories&Peripherals|Cables&Accessories|Cables|USBCables,399,1099,0.64,4.2,24269,Computers&Accessories
B07KRCW6LZ,"TP-Link Nano AC600 USB Wi-Fi Adapter(Archer T2U Nano)- 2.4G/5G Dual Band Wireless Network Adapter for PC Desktop Laptop, Mini Travel Size, Supports Windows 11,10, 8.1, 8, 7, XP/Mac OS 10.9-10.15",Computers&Accessories|NetworkingDevices|NetworkAdapters|WirelessUSBAdapters,999,1599,0.38,4.3,12093,Computers&Accessories
B09NJN8L25,"FLiX (Beetel USB to Micro USB PVC Data Sync & 2A Fast Charging Cable, Made in India, 480Mbps Data Sync, Solid Cable, 1 Meter Long USB Cable for Micro USB Devices (White)(XCD-M11)",Computers&Accessories|Accessories&Peripherals|Cables&Accessories|Cables|USBCables,59,199,0.7,4,9378,Computers&Accessories
B07XJYYH7L,"Wecool Nylon Braided Multifunction Fast Charging Cable For Android Smartphone, Ios And Type C Usb Devices, 3 In 1 Charging Cable, 3A, (3 Feet) (Black)",Computers&Accessories|Accessories&Peripherals|Cables&Accessories|Cables|USBCables,333,999,0.67,3.3,9792,Computers&Accessories
B002PD61Y4,"D-Link DWA-131 300 Mbps Wireless Nano USB Adapter (Black)",Computers&Accessories|NetworkingDevices|NetworkAdapters|WirelessUSBAdapters,507,1208,0.58,4.1,8131,Computers&Accessories
B014I8SSD0,"Amazon Basics High-Speed HDMI Cable, 6 Feet - Supports Ethernet, 3D, 4K video,Black","Electronics|HomeTheater,TV&Video|Accessories|Cables|HDMICables",309,475,0.35,4.4,426973,Electronics
B09L8DSSFH,"7SEVENÂ® Compatible for Samsung Smart 4K Ultra HD TV Monitor Remote Control Replacement of Original Samsung TV Remote for LED OLED UHD QLED and Suitable for 6 7 8 Series Samsung TV with Hot Keys BN59-01259E","Electronics|HomeTheater,TV&Video|Accessories|RemoteControls",399,999,0.6,3.6,493,Electronics
B07232M876,"Amazonbasics Micro Usb Fast Charging Cable For Android Smartphone,Personal Computer,Printer With Gold Plated Connectors (6 Feet, Black)",Computers&Accessories|Accessories&Peripherals|Cables&Accessories|Cables|USBCables,199,395,0.5,4.2,92595,Computers&Accessories
B07P681N66,"TP-Link AC600 600 Mbps WiFi Wireless Network USB Adapter for Desktop PC with 2.4GHz/5GHz High Gain Dual Band 5dBi Antenna Wi-Fi, Supports Windows 11/10/8.1/8/7/XP, Mac OS 10.15 and earlier (Archer T2U Plus)",Computers&Accessories|NetworkingDevices|NetworkAdapters|WirelessUSBAdapters,1199,2199,0.45,4.4,24780,Computers&Accessories
B0711PVX6Z,"AmazonBasics Micro USB Fast Charging Cable for Android Phones with Gold Plated Connectors (3 Feet, Black)",Computers&Accessories|Accessories&Peripherals|Cables&Accessories|Cables|USBCables,179,500,0.64,4.2,92595,Computers&Accessories
B082T6V3DT,"AmazonBasics New Release Nylon USB-A to Lightning Cable Cord, Fast Charging MFi Certified Charger for Apple iPhone, iPad (6-Ft, Rose Gold)",Computers&Accessories|Accessories&Peripherals|Cables&Accessories|Cables|USBCables,799,2100,0.62,4.3,8188,Computers&Accessories
B07MKFNHKG,"VW 80 cm (32 inches) Frameless Series HD Ready LED TV VW32A (Black)","Electronics|HomeTheater,TV&Video|Televisions|StandardTelevisions",6999,12999,0.46,4.2,4003,Electronics
B0BFWGBX61,"Ambrane Unbreakable 3A Fast Charging Braided Type C Cable    1.5 Meter (RCT15, Blue) Supports QC 2.0/3.0 Charging",Computers&Accessories|Accessories&Peripherals|Cables&Accessories|Cables|USBCables,199,349,0.43,4.1,314,Computers&Accessories
B01N90RZ4M,"Tata Sky Universal Remote","Electronics|HomeTheater,TV&Video|Accessories|RemoteControls",230,499,0.54,3.7,2960,Electronics
B0088TKTY2,"TP-LINK WiFi Dongle 300 Mbps Mini Wireless Network USB Wi-Fi Adapter for PC Desktop Laptop(Supports Windows 11/10/8.1/8/7/XP, Mac OS 10.9-10.15 and Linux, WPS, Soft AP Mode, USB 2.0) (TL-WN823N),Black",Computers&Accessories|NetworkingDevices|NetworkAdapters|WirelessUSBAdapters,649,1399,0.54,4.2,179691,Computers&Accessories
B09Q5SWVBJ,"OnePlus 80 cm (32 inches) Y Series HD Ready Smart Android LED TV 32 Y1S (Black)","Electronics|HomeTheater,TV&Video|Televisions|SmartTelevisions",15999,21999,0.27,4.2,34899,Electronics
B0B4DT8MKT,"Wecool Unbreakable 3 in 1 Charging Cable with 3A Speed, Fast Charging Multi Purpose Cable 1.25 Mtr Long, Type C cable, Micro Usb Cable and Cable for iPhone, White",Computers&Accessories|Accessories&Peripherals|Cables&Accessories|Cables|USBCables,348,1499,0.77,4.2,656,Computers&Accessories
B08CDKQ8T6,"Portronics Konnect L 1.2Mtr, Fast Charging 3A Micro USB Cable with Charge & Sync Function (Grey)",Computers&Accessories|Accessories&Peripherals|Cables&Accessories|Cables|USBCables,154,349,0.56,4.3,7064,Computers&Accessories
B07B275VN9,"Airtel DigitalTV DTH Television, Setup Box Remote Compatible for SD and HD Recording (Black)","Electronics|HomeTheater,TV&Video|Accessories|RemoteControls",179,799,0.78,3.7,2201,Electronics
B0B15CPR37,"Samsung 108 cm (43 inches) Crystal 4K Neo Series Ultra HD Smart LED TV UA43AUE65AKXXL (Black)","Electronics|HomeTheater,TV&Video|Televisions|SmartTelevisions",32990,47900,0.31,4.3,7109,Electronics
B0994GFWBH,"Lapster 1.5 mtr USB 2.0 Type A Male to USB A Male Cable for computer and laptop",Computers&Accessories|Accessories&Peripherals|Cables&Accessories|Cables|USBCables,139,999,0.86,4,1313,Computers&Accessories
B01GGKZ0V6,"AmazonBasics USB Type-C to USB Type-C 2.0 Cable - 3 Feet Laptop (0.9 Meters) - White",Computers&Accessories|Accessories&Peripherals|Cables&Accessories|Cables|USBCables,329,845,0.61,4.2,29746,Computers&Accessories
B09F9YQQ7B,"Redmi 80 cm (32 inches) Android 11 Series HD Ready Smart LED TV | L32M6-RA/L32M7-RA (Black)","Electronics|HomeTheater,TV&Video|Televisions|SmartTelevisions",13999,24999,0.44,4.2,45238,Electronics
B014I8SX4Y,"Amazon Basics High-Speed HDMI Cable, 6 Feet (2-Pack),Black","Electronics|HomeTheater,TV&Video|Accessories|Cables|HDMICables",309,1400,0.78,4.4,426973,Electronics
B09Q8HMKZX,"Portronics Konnect L 20W PD Quick Charge Type-C to 8-Pin USB Mobile Charging Cable, 1.2M, Tangle Resistant, Fast Data Sync(Grey)",Computers&Accessories|Accessories&Peripherals|Cables&Accessories|Cables|USBCables,263,699,0.62,4.1,450,Computers&Accessories
B0B9XN9S3W,"Acer 80 cm (32 inches) N Series HD Ready TV AR32NSV53HD (Black)","Electronics|HomeTheater,TV&Video|Televisions|StandardTelevisions",7999,14990,0.47,4.3,457,Electronics
B07966M8XH,"Model-P4 6 Way Swivel Tilt Wall Mount 32-55-inch Full Motion Cantilever for LED,LCD and Plasma TV's","Electronics|HomeTheater,TV&Video|Accessories|TVMounts,Stands&Turntables|TVWall&CeilingMounts",1599,2999,0.47,4.2,2727,Electronics
B01GGKYKQM,"Amazon Basics USB Type-C to USB-A 2.0 Male Fast Charging Cable for Laptop - 3 Feet (0.9 Meters), Black",Computers&Accessories|Accessories&Peripherals|Cables&Accessories|Cables|USBCables,219,700,0.69,4.3,20053,Computers&Accessories
B0B86CDHL1,"oraimo 65W Type C to C Fast Charging Cable USB C to USB C Cable High Speed Syncing, Nylon Braided 1M length with LED Indicator Compatible For Laptop, Macbook, Samsung Galaxy S22 S20 S10 S20Fe S21 S21 Ultra A70 A51 A71 A50S M31 M51 M31S M53 5G",Computers&Accessories|Accessories&Peripherals|Cables&Accessories|Cables|USBCables,349,899,0.61,4.5,149,Computers&Accessories
B0B5ZF3NRK,"CEDO 65W OnePlus Dash Warp Charge Cable, USB A to Type C Data Sync Fast Charging Cable Compatible with One Plus 3 /3T /5 /5T /6 /6T /7 /7T /7 pro & for All Type C Devices - 1 Meter, Red",Computers&Accessories|Accessories&Peripherals|Cables&Accessories|Cables|USBCables,349,599,0.42,4.1,210,Computers&Accessories
B09RFC46VP,"Redmi 108 cm (43 inches) 4K Ultra HD Android Smart LED TV X43 | L43R7-7AIN (Black)","Electronics|HomeTheater,TV&Video|Televisions|SmartTelevisions",26999,42999,0.37,4.2,45238,Electronics
B08R69VDHT,"Pinnaclz Original Combo of 2 Micro USB Fast Charging Cable, USB Charging Cable for Data Transfer Perfect for Android Smart Phones White 1.2 Meter Made in India (Pack of 2)",Computers&Accessories|Accessories&Peripherals|Cables&Accessories|Cables|USBCables,115,499,0.77,4,7732,Computers&Accessories
B09RWZRCP1,"boAt Type C A750 Stress Resistant, Tangle-free, Sturdy Flat Cable with 6.5A Fast Charging & 480Mbps Data Transmission, 10000+ Bends Lifespan and Extended 1.5m Length(Rebellious Black)",Computers&Accessories|Accessories&Peripherals|Cables&Accessories|Cables|USBCables,399,999,0.6,4.1,1780,Computers&Accessories
B09CMP1SC8,"Ambrane 2 in 1 Type-C & Micro USB Cable with 60W / 3A Fast Charging, 480 mbps High Data, PD Technology & Quick Charge 3.0, Compatible with All Type-C & Micro USB Devices (ABDC-10, Black)",Computers&Accessories|Accessories&Peripherals|Cables&Accessories|Cables|USBCables,199,499,0.6,4.1,602,Computers&Accessories
B09YLXYP7Y,"Ambrane 60W / 3A Fast Charging Output Cable with Type-C to USB for Mobile, Neckband, True Wireless Earphone Charging, 480mbps Data Sync Speed, 1m Length (ACT - AZ10, Black)",Computers&Accessories|Accessories&Peripherals|Cables&Accessories|Cables|USBCables,179,399,0.55,4,1423,Computers&Accessories
B09ZPM4C2C,"TCL 80 cm (32 inches) HD Ready Certified Android Smart LED TV 32S5205 (Black)","Electronics|HomeTheater,TV&Video|Televisions|SmartTelevisions",10901,30990,0.65,4.1,398,Electronics
B0B2DJDCPX,"SWAPKART Fast Charging Cable and Data Sync USB Cable Compatible for iPhone 6/6S/7/7+/8/8+/10/11, 12, 13 Pro max iPad Air/Mini, iPod and iOS Devices (White)",Computers&Accessories|Accessories&Peripherals|Cables&Accessories|Cables|USBCables,209,499,0.58,3.9,536,Computers&Accessories
B0BCZCQTJX,"Firestick Remote","Electronics|HomeTheater,TV&Video|Accessories|RemoteControls",1434,3999,0.64,4,32,Electronics
B07LGT55SJ,"Wayona Usb Nylon Braided Data Sync And Charging Cable For Iphone, Ipad Tablet (Red, Black)",Computers&Accessories|Accessories&Peripherals|Cables&Accessories|Cables|USBCables,399,1099,0.64,4.2,24269,Computers&Accessories
B09NKZXMWJ,"Flix (Beetel) Usb To Type C Pvc Data Sync And 2A 480Mbps Data Sync, Tough Fast Charging Long Cable For Usb Type C Devices, Charging Adapter (White, 1 Meter) - Xcd-C12",Computers&Accessories|Accessories&Peripherals|Cables&Accessories|Cables|USBCables,139,249,0.44,4,9378,Computers&Accessories
B08QX1CC14,"SKYWALL 81.28 cm (32 inches) HD Ready Smart LED TV 32SWELS-PRO (Black)","Electronics|HomeTheater,TV&Video|Televisions|SmartTelevisions",7299,19125,0.62,3.4,902,Electronics
B0974H97TJ,"boAt A 350 Type C Cable for Smartphone, Charging Adapter (1.5m, Carbon Black)",Computers&Accessories|Accessories&Peripherals|Cables&Accessories|Cables|USBCables,299,799,0.63,4.4,28791,Computers&Accessories
B07GVGTSLN,"Wayona Usb Type C Fast Charger Cable Fast Charging Usb C Cable/Cord Compatible For Samsung Galaxy S10E S10 S9 S8 Plus S10+,Note 10 Note 9 Note 8,S20,M31S,M40,Realme X3,Pixel 2 Xl (3 Ft Pack Of 1,Grey)",Computers&Accessories|Accessories&Peripherals|Cables&Accessories|Cables|USBCables,325,1299,0.75,4.2,10576,Computers&Accessories
B09VCHLSJF,"OnePlus 108 cm (43 inches) Y Series 4K Ultra HD Smart Android LED TV 43Y1S Pro (Black)","Electronics|HomeTheater,TV&Video|Televisions|SmartTelevisions",29999,39999,0.25,4.2,7298,Electronics
B0B1YZX72F,"Acer 127 cm (50 inches) I Series 4K Ultra HD Android Smart LED TV AR50AR2851UDFL (Black)","Electronics|HomeTheater,TV&Video|Televisions|SmartTelevisions",27999,40990,0.32,4.3,4703,Electronics
B092BJMT8Q,"Samsung 108 cm (43 inches) Crystal 4K Series Ultra HD Smart LED TV UA43AUE60AKLXL (Black)","Electronics|HomeTheater,TV&Video|Televisions|SmartTelevisions",30990,52900,0.41,4.3,7109,Electronics
B0BMXMLSMM,"Lapster 65W compatible for OnePlus Dash Warp Charge Cable , type c to c cable fast charging Data Sync Cable Compatible with One Plus 10R / 9RT/ 9 pro/ 9R/ 8T/ 9/ Nord & for All Type C Devices â€“ Red, 1 Meter",Computers&Accessories|Accessories&Peripherals|Cables&Accessories|Cables|USBCables,199,999,0.8,4.5,127,Computers&Accessories
B07JH1C41D,"Wayona Nylon Braided (2 Pack) Lightning Fast Usb Data Cable Fast Charger Cord For Iphone, Ipad Tablet (3 Ft Pack Of 2, Grey)",Computers&Accessories|Accessories&Peripherals|Cables&Accessories|Cables|USBCables,649,1999,0.68,4.2,24269,Computers&Accessories
B0141EZMAI,"Gizga Essentials USB WiFi Adapter for PC, 150 Mbps Wireless Network Adapter for Desktop - Nano Size WiFi Dongle Compatible with Windows, Mac OS & Linux Kernel | WPA/WPA2 Encryption Standards| Black",Computers&Accessories|NetworkingDevices|NetworkAdapters|WirelessUSBAdapters,269,800,0.66,3.6,10134,Computers&Accessories
B09Q5P2MT3,"OnePlus 108 cm (43 inches) Y Series Full HD Smart Android LED TV 43 Y1S (Black)","Electronics|HomeTheater,TV&Video|Televisions|SmartTelevisions",24999,31999,0.22,4.2,34899,Electronics
B08HDH26JX,"boAt Deuce USB 300 2 in 1 Type-C & Micro USB Stress Resistant, Sturdy Cable with 3A Fast Charging & 480mbps Data Transmission, 10000+ Bends Lifespan and Extended 1.5m Length(Mercurial Black)",Computers&Accessories|Accessories&Peripherals|Cables&Accessories|Cables|USBCables,299,699,0.57,4.2,94363,Computers&Accessories
B09VT6JKRP,"Lapster USB 3.0 A to Micro B SuperSpeed for hard disk cable - short cable",Computers&Accessories|Accessories&Peripherals|Cables&Accessories|Cables|USBCables,199,999,0.8,4.1,425,Computers&Accessories
B09T3KB6JZ,"TCL 100 cm (40 inches) Full HD Certified Android R Smart LED TV 40S6505 (Black)","Electronics|HomeTheater,TV&Video|Televisions|SmartTelevisions",18990,40990,0.54,4.2,6659,Electronics
B093QCY6YJ,"ZEBRONICS ZEB-USB150WF1 WiFi USB Mini Adapter Supports 150 Mbps Wireless Data, Comes with Advanced Security WPA/WPA2 encryption Standards",Computers&Accessories|NetworkingDevices|NetworkAdapters|WirelessUSBAdapters,290,349,0.17,3.7,1977,Computers&Accessories
B093ZNQZ2Y,"LOHAYA Remote Compatible for Mi Smart LED TV 4A Remote Control (32"/43"") [ Compatible for Mi Tv Remote Control ] [ Compatible for Mi Smart LED Tv Remote Control ]"","Electronics|HomeTheater,TV&Video|Accessories|RemoteControls",249,799,0.69,3.8,1079,Electronics
B08LKS3LSP,"Gilary Multi Charging Cable, 3 in 1 Nylon Braided Fast Charging Cable for iPhone Micro USB Type C Mobile Phone | Colour May Vary |",Computers&Accessories|Accessories&Peripherals|Cables&Accessories|Cables|USBCables,345,999,0.65,3.7,1097,Computers&Accessories
B00V4BGDKU,"TP-Link UE300 USB 3.0 to RJ45 Gigabit Ethernet Network Adapter - Plug and Play",Computers&Accessories|NetworkingDevices|NetworkAdapters|WirelessUSBAdapters,1099,1899,0.42,4.5,22420,Computers&Accessories
B08CHKQ8D4,"Wayona Type C to Lightning MFI Certified 20W Fast charging Nylon Braided USB C Cable for iPhone 14, 14 Pro, 14 Pro Max, 14 Plus, 13, 13 Pro, 13 Pro Max, 13 Mini, 12, 12 Pro, 11, 11 Pro Max iPhone 12 Mini, X, 8 (2M, Grey)",Computers&Accessories|Accessories&Peripherals|Cables&Accessories|Cables|USBCables,719,1499,0.52,4.1,1045,Computers&Accessories
B09BW334ML,"Dealfreez Case Compatible with Fire TV Stick 3rd Gen 2021 Full Wrap Silicone Remote Cover Anti-Lost with Loop (D-Black)","Electronics|HomeTheater,TV&Video|Accessories|RemoteControls",349,1499,0.77,4.3,4145,Electronics
B082T6GVLJ,"Amazon Basics New Release Nylon USB-A to Lightning Cable Cord, Fast Charging MFi Certified Charger for Apple iPhone, iPad (3-Ft, Rose Gold)",Computers&Accessories|Accessories&Peripherals|Cables&Accessories|Cables|USBCables,849,1809,0.53,4.3,6547,Computers&Accessories
B07DL1KC3H,"Isoelite Remote Compatible for Samsung LED/LCD Remote Control Works with All Samsung LED/LCD TV Model No :- BN59-607A (Please Match The Image with Your Old Remote)","Electronics|HomeTheater,TV&Video|Accessories|RemoteControls",299,899,0.67,4,1588,Electronics
B0B6F98KJJ,"MI 100 cm (40 inches) 5A Series Full HD Smart Android LED TV with 24W Dolby Audio & Metal Bezel-Less Frame (Black) (2022 Model)","Electronics|HomeTheater,TV&Video|Televisions|SmartTelevisions",21999,29999,0.27,4.2,32840,Electronics
B07JNVF678,"Wayona Nylon Braided USB Data Sync and Fast Charging 3A Short Power Bank Cable For iPhones, iPad Air, iPad mini, iPod Nano and iPod Touch (Grey)",Computers&Accessories|Accessories&Peripherals|Cables&Accessories|Cables|USBCables,349,999,0.65,4.2,13120,Computers&Accessories
B09QGZFBPM,"Wayona Type C To Type C Long Fast Charging Cable Type C Charger Cord Compatible With Samsung S22 S20 S20 Fe 2022 S22 Ultra S21 Ultra A70 A51 A53 A33 A73 M51 M31 M33 M53 (Grey, 2M, 65W, 6Ft)",Computers&Accessories|Accessories&Peripherals|Cables&Accessories|Cables|USBCables,399,999,0.6,4.3,2806,Computers&Accessories
B07JGDB5M1,"Wayona Nylon Braided 2M / 6Ft Fast Charge Usb To Lightning Data Sync And Charging Cable For Iphone, Ipad Tablet (6 Ft Pack Of 1, Grey)",Computers&Accessories|Accessories&Peripherals|Cables&Accessories|Cables|USBCables,449,1299,0.65,4.2,24269,Computers&Accessories
B0981XSZJ7,"CROSSVOLT Compatible Dash/Warp Data Sync Fast Charging Cable Supported for All C Type Devices (Cable)",Computers&Accessories|Accessories&Peripherals|Cables&Accessories|Cables|USBCables,299,999,0.7,4.3,766,Computers&Accessories
B0B9XLX8VR,"VU 139 cm (55 inches) The GloLED Series 4K Smart LED Google TV 55GloLED (Grey)","Electronics|HomeTheater,TV&Video|Televisions|SmartTelevisions",37999,65000,0.42,4.3,3587,Electronics
B08Y5KXR6Z,"PTron Solero T241 2.4A Type-C Data & Charging USB Cable, Made in India, 480Mbps Data Sync, Durable 1-Meter Long USB Cable for Type-C USB Devices for Charging Adapter (Black)",Computers&Accessories|Accessories&Peripherals|Cables&Accessories|Cables|USBCables,99,800,0.88,3.9,24871,Computers&Accessories
B09F6VHQXB,"Croma 80 cm (32 Inches) HD Ready LED TV (CREL7369, Black) (2021 Model)","Electronics|HomeTheater,TV&Video|Televisions|StandardTelevisions",7390,20000,0.63,4.1,2581,Electronics
B0974G5Q2Y,"boAt Laptop, Smartphone Type-c A400 Male Data Cable (Carbon Black)",Computers&Accessories|Accessories&Peripherals|Cables&Accessories|Cables|USBCables,273,999,0.73,4.3,20850,Computers&Accessories
B09YL9SN9B,"LG 80 cm (32 inches) HD Ready Smart LED TV 32LQ576BPSA (Ceramic Black)","Electronics|HomeTheater,TV&Video|Televisions|SmartTelevisions",15990,23990,0.33,4.3,1035,Electronics
B09RX1FK54,"boAt Type C A750 Stress Resistant, Tangle-free, Sturdy Flat Cable with 6.5A Fast Charging & 480Mbps Data Transmission, 10000+ Bends Lifespan and Extended 1.5m Length(Radiant Red)",Computers&Accessories|Accessories&Peripherals|Cables&Accessories|Cables|USBCables,399,999,0.6,4.1,1780,Computers&Accessories
B09TT6BFDX,"Cotbolt Silicone Protective Case Cover for LG an MR21GA Magic Remote Shockproof for LG Smart TV Remote 2021 Protective Skin Waterproof Anti Lost (Black) (Remote Not Included)","Electronics|HomeTheater,TV&Video|Accessories|RemoteControls",399,1999,0.8,4.5,505,Electronics
B09KH58JZR,"Portronics Konnect L POR-1403 Fast Charging 3A Type-C Cable 1.2 Meter with Charge & Sync Function for All Type-C Devices (White)",Computers&Accessories|Accessories&Peripherals|Cables&Accessories|Cables|USBCables,210,399,0.47,4.1,1717,Computers&Accessories
B09DDCQFMT,"Electvision Remote Control Compatible with Amazon Fire tv Stick (Pairing Manual Will be Back Side Remote Control)(P)","Electronics|HomeTheater,TV&Video|Accessories|RemoteControls",1299,1999,0.35,3.6,590,Electronics
B08RP2L2NL,"King Shine Multi Retractable 3.0A Fast Charger Cord, Multiple Charging Cable 4Ft/1.2m 3-in-1 USB Charge Cord Compatible with Phone/Type C/Micro USB for All Android and iOS Smartphones (Random Colour)",Computers&Accessories|Accessories&Peripherals|Cables&Accessories|Cables|USBCables,347,999,0.65,3.5,1121,Computers&Accessories
B0B4G2MWSB,"Lapster 5 pin mini usb cable, usb b cable,camera cable usb2.0 for External HDDS/Card Readers/Camera etc.",Computers&Accessories|Accessories&Peripherals|Cables&Accessories|Cables|USBCables,149,999,0.85,4,1313,Computers&Accessories
B0B21C4BMX,"Portronics Konnect Spydr 31 3-in-1 Multi Functional Cable with 3.0A Output, Tangle Resistant, 1.2M Length, Nylon Braided(Zebra)",Computers&Accessories|Accessories&Peripherals|Cables&Accessories|Cables|USBCables,228,899,0.75,3.8,132,Computers&Accessories
B084MZXJNK,"Belkin Apple Certified Lightning To Type C Cable, Tough Unbreakable Braided Fast Charging For Iphone, Ipad, Air Pods, 3.3 Feet (1 Meters)    White",Computers&Accessories|Accessories&Peripherals|Cables&Accessories|Cables|USBCables,1599,1999,0.2,4.4,1951,Computers&Accessories
B0BHZCNC4P,"Remote Control Compatible for Amazon Fire Tv Stick Remote Control [ 3rd Gen ](Not Compatible for Fire TV Edition Smart TV) from basesailor","Electronics|HomeTheater,TV&Video|Accessories|RemoteControls",1499,3999,0.63,3.7,37,Electronics
B0B16KD737,"VW 80 cm (32 inches) Playwall Frameless Series HD Ready Android Smart LED TV VW3251 (Black)","Electronics|HomeTheater,TV&Video|Televisions|SmartTelevisions",8499,15999,0.47,4.3,592,Electronics
B099K9ZX65,"Hisense 108 cm (43 inches) 4K Ultra HD Smart Certified Android LED TV 43A6GE (Black)","Electronics|HomeTheater,TV&Video|Televisions|SmartTelevisions",20990,44990,0.53,4.1,1259,Electronics
B08Y55LPBF,"Redmi 126 cm (50 inches) 4K Ultra HD Android Smart LED TV X50 | L50M6-RA (Black)","Electronics|HomeTheater,TV&Video|Televisions|SmartTelevisions",32999,44999,0.27,4.2,45238,Electronics
B015OW3M1W,"AmazonBasics 6-Feet DisplayPort (not USB port) to HDMI Cable Black","Electronics|HomeTheater,TV&Video|Accessories|Cables|HDMICables",799,1700,0.53,4.1,28638,Electronics
B01D5H8ZI8,"AmazonBasics 3 Feet High Speed HDMI Male to Female 2.0 Extension Cable","Electronics|HomeTheater,TV&Video|Accessories|Cables|HDMICables",229,595,0.62,4.3,12835,Electronics
B09X1M3DHX,"iFFALCON 80 cm (32 inches) HD Ready Smart LED TVÂ 32F53 (Black)","Electronics|HomeTheater,TV&Video|Televisions|SmartTelevisions",9999,27990,0.64,4.2,1269,Electronics
B09MM6P76N,"7SEVENÂ® Compatible Lg Smart Tv Remote Suitable for Any LG LED OLED LCD UHD Plasma Android Television and AKB75095303 replacement of Original Lg Tv Remote Control","Electronics|HomeTheater,TV&Video|Accessories|RemoteControls",349,599,0.42,4.2,284,Electronics
B01D5H8LDM,"AmazonBasics 3.5mm to 2-Male RCA Adapter Cable For Tablet, Smartphone (Black, 15 feet)","Electronics|HomeTheater,TV&Video|Accessories|Cables|RCACables",489,1200,0.59,4.4,69538,Electronics
B0B1YY6JJL,"Acer 109 cm (43 inches) I Series 4K Ultra HD Android Smart LED TV AR43AR2851UDFL (Black)","Electronics|HomeTheater,TV&Video|Televisions|SmartTelevisions",23999,34990,0.31,4.3,4703,Electronics
B09QGZM8QB,"Wayona Usb Type C 65W 6Ft/2M Long Fast Charging Cable Compatible For Samsung S22 S20 Fe S21 Ultra A33 A53 A01 A73 A70 A51 M33 M53 M51 M31(2M, Black)",Computers&Accessories|Accessories&Peripherals|Cables&Accessories|Cables|USBCables,399,999,0.6,4.3,2806,Computers&Accessories
B08L4SBJRY,"Saifsmart Outlet Wall Mount Hanger Holder for Dot 3rd Gen, Compact Bracket Case Plug and Built-in Cable Management for Kitchen Bathroom, Bedroom (Black)",Electronics|HomeAudio|Accessories|SpeakerAccessories|Mounts,349,1299,0.73,4,3295,Electronics
B09X79PP8F,"MI 2-in-1 USB Type C Cable (Micro USB to Type C) 30cm for Smartphone, Headphone, Laptop (White)",Computers&Accessories|Accessories&Peripherals|Cables&Accessories|Cables|USBCables,179,299,0.4,3.9,81,Computers&Accessories
B082T6GVG9,"AmazonBasics New Release ABS USB-A to Lightning Cable Cord, Fast Charging MFi Certified Charger for Apple iPhone, iPad Tablet (3-Ft, White)",Computers&Accessories|Accessories&Peripherals|Cables&Accessories|Cables|USBCables,689,1500,0.54,4.2,42301,Computers&Accessories
B0B3XY5YT4,"LG 108 cm (43 inches) 4K Ultra HD Smart LED TV 43UQ7500PSF (Ceramic Black)","Electronics|HomeTheater,TV&Video|Televisions|SmartTelevisions",30990,49990,0.38,4.3,1376,Electronics
B0B4HKH19N,"pTron Solero 331 3.4Amps Multifunction Fast Charging Cable, 3-in-1 USB Cable Micro USB/Type-C/iOS, Made in India, Durable & Strong & Tangle-free 118cm in Length (Black)",Computers&Accessories|Accessories&Peripherals|Cables&Accessories|Cables|USBCables,249,931,0.73,3.9,1075,Computers&Accessories
B08TGG316Z,"10k 8k 4k HDMI Cable, Certified 48Gbps 1ms Ultra High Speed HDMI 2.1 Cable 4k 120Hz 144Hz 2k 165Hz 8k 60Hz Dynamic HDR ARC eARC DTS:X Compatible for Mac Gaming PC Soundbar TV Monitor Laptop PS5 4 Xbox","Electronics|HomeTheater,TV&Video|Accessories|Cables|HDMICables",999,2399,0.58,4.6,3664,Electronics
B071VMP1Z4,"LRIPL Compatible Sony Bravia LCD/led Remote Works with Almost All Sony led/LCD tv's","Electronics|HomeTheater,TV&Video|Accessories|RemoteControls",399,399,0,3.9,1951,Electronics
B071SDRGWL,"boAt Type-c A400 Type-c to USB A Cable for All Type C Phones (Lg nexus 5x), 1Mtr(Black)",Computers&Accessories|Accessories&Peripherals|Cables&Accessories|Cables|USBCables,349,699,0.5,4.3,20850,Computers&Accessories
B08PSQRW2T,"Zoul Type C to Type C Fast Charging Cable 65W 2M/6ft USB C Nylon Braided Cord Compatible with MacBook Oneplus 9 9R Samsung Galaxy S21 Ultra S20+ (2M, Black)",Computers&Accessories|Accessories&Peripherals|Cables&Accessories|Cables|USBCables,399,1099,0.64,4.1,2685,Computers&Accessories
B0859M539M,"TP-LINK AC1300 Archer T3U Plus High Gain USB 3.0 Wi-Fi Dongle, Wireless Dual Band MU-MIMO WiFi Adapter with High Gain Antenna, Supports Windows 11/10/8.1/8/7/XP/MacOS",Computers&Accessories|NetworkingDevices|NetworkAdapters|WirelessUSBAdapters,1699,2999,0.43,4.4,24780,Computers&Accessories
B08RX8G496,"LRIPL Mi Remote Control with Netflix & Prime Video Button Compatible for Mi 4X LED Android Smart TV 4A Remote Control (32"/43"") with Voice Command (Pairing Required)"","Electronics|HomeTheater,TV&Video|Accessories|RemoteControls",655,1099,0.4,3.2,285,Electronics
B002SZEOLG,"TP-Link Nano USB WiFi Dongle 150Mbps High Gain Wireless Network Wi-Fi Adapter for PC Desktop and Laptops, Supports Windows 10/8.1/8/7/XP, Linux, Mac OS X (TL-WN722N)",Computers&Accessories|NetworkingDevices|NetworkAdapters|WirelessUSBAdapters,749,1339,0.44,4.2,179692,Computers&Accessories
B08CS3BT4L,"Kodak 80 cm (32 inches) HD Ready Certified Android LED TV 32HDX7XPRO (Black)","Electronics|HomeTheater,TV&Video|Televisions|SmartTelevisions",9999,12999,0.23,4.2,6088,Electronics
B00RFWNJMC,"Airtel DigitalTV DTH Remote SD/HD/HD Recording Compatible for Television (Shining Black )","Electronics|HomeTheater,TV&Video|Accessories|RemoteControls",195,499,0.61,3.7,1383,Electronics
B082T6GXS5,"AmazonBasics New Release Nylon USB-A to Lightning Cable Cord, MFi Certified Charger for Apple iPhone, iPad, Silver, 6-Ft",Computers&Accessories|Accessories&Peripherals|Cables&Accessories|Cables|USBCables,999,2100,0.52,4.5,5492,Computers&Accessories
B09CMQRQM6,"Ambrane Fast 100W Output Cable with Type-C to Type-C for Mobile, Laptop, Macbook & Table Charging, 480mbps Data Sync Speed, Braided Cable, 1.5m Length (ABCC-100, Black-Grey)",Computers&Accessories|Accessories&Peripherals|Cables&Accessories|Cables|USBCables,499,899,0.44,4.2,919,Computers&Accessories
B005LJQMCK,"BlueRigger Digital Optical Audio Toslink Cable (3.3 Feet / 1 Meter) With 8 Channel (7.1) Audio Support (for Home Theatre, Xbox, Playstation etc.)","Electronics|HomeTheater,TV&Video|Accessories|Cables|OpticalCables",416,599,0.31,4.2,30023,Electronics
B09C6H53KH,"Duracell Type-C To Micro 1.2M braided Sync & Charge Cable, USB C to Micro Fast Charge Compatible for fast data transmission (Black)",Computers&Accessories|Accessories&Peripherals|Cables&Accessories|Cables|USBCables,368,699,0.47,4.2,387,Computers&Accessories
B0BB3CBFBM,"VU 138 cm (55 inches) Premium Series 4K Ultra HD Smart IPS LED TV 55UT (Black)","Electronics|HomeTheater,TV&Video|Televisions|SmartTelevisions",29990,65000,0.54,4.1,211,Electronics
B08QSDKFGQ,"Zoul USB Type C Fast Charging 3A Nylon Braided Data Cable Quick Charger Cable QC 3.0 for Samsung Galaxy M31s M30 S10 S9 S20 Plus, Note 10 9 8, A20e A40 A50 A70 (1M, Grey)",Computers&Accessories|Accessories&Peripherals|Cables&Accessories|Cables|USBCables,339,1099,0.69,4.3,974,Computers&Accessories
B08PV1X771,"Samsung 80 cm (32 inches) Wondertainment Series HD Ready LED Smart TV UA32TE40AAKBXL (Titan Gray)","Electronics|HomeTheater,TV&Video|Televisions|SmartTelevisions",15490,20900,0.26,4.3,16299,Electronics
B07YTNKVJQ,"MI Xiaomi USB Type C HYperCharge Cable 6A 100cm Sturdy and Durable Black Supports 120W HyperCharging",Computers&Accessories|Accessories&Peripherals|Cables&Accessories|Cables|USBCables,499,1299,0.62,4.3,30411,Computers&Accessories
B0117H7GZ6,"GENERIC Ultra-Mini Bluetooth CSR 4.0 USB Dongle Adapter for Windows Computer ( Black:Golden)",Computers&Accessories|NetworkingDevices|NetworkAdapters|WirelessUSBAdapters,249,399,0.38,3.4,4642,Computers&Accessories
B09XJ1LM7R,"7SEVENÂ® Compatible for Tata Sky Remote Original Set TopÂ HD Box and Suitable for SD Tata Play setup Box Remote Control","Electronics|HomeTheater,TV&Video|Accessories|RemoteControls",399,799,0.5,4.3,12,Electronics
B084N133Y7,"Belkin Apple Certified Lightning To Type C Cable, Fast Charging For Iphone, Ipad, Air Pods, 3.3 Feet (1 Meters)    White",Computers&Accessories|Accessories&Peripherals|Cables&Accessories|Cables|USBCables,1499,1999,0.25,4.4,1951,Computers&Accessories
B07VSG5SXZ,"ZEBRONICS HAA2021 HDMI version 2.1 cable with 8K @ 60Hz, 4K @ 120Hz, eARC & CEC support, 3D compatible, 2 meters length, 48Gbps max and Gold-plated connectors","Electronics|HomeTheater,TV&Video|Accessories|Cables|HDMICables",637,1499,0.58,4.1,24,Electronics
B08RWCZ6SY,"7SEVENÂ® Compatible for Sony Bravia LCD LED UHD OLED QLED 4K Ultra HD TV remote control with YouTube and NETFLIX Hotkeys. Universal Replacement for Original Sony Smart Android tv Remote Control","Electronics|HomeTheater,TV&Video|Accessories|RemoteControls",399,899,0.56,3.9,254,Electronics
B07KSB1MLX,"AmazonBasics Digital Optical Coax to Analog RCA Audio Converter Adapter with Fiber Cable","Electronics|HomeTheater,TV&Video|Accessories|Cables|OpticalCables",1089,1600,0.32,4,3565,Electronics
B081FG1QYX,"Wayona Type C Cable Nylon Braided USB C QC 3.0 Fast Charging Short Power Bank Cable for Samsung Galaxy S10e/S10+/S10/S9/S9+/Note 9/S8/Note 8, LG G7 G5 G6, Moto G6 G7 (0.25M, Black)",Computers&Accessories|Accessories&Peripherals|Cables&Accessories|Cables|USBCables,339,999,0.66,4.3,6255,Computers&Accessories
B08R69WBN7,"Pinnaclz Original Combo of 2 USB Type C Fast Charging Cable, USB C Data Cable for Charging and Data Transfer Smart Phones White 1.2 Meter Made in India (Pack of 2)",Computers&Accessories|Accessories&Peripherals|Cables&Accessories|Cables|USBCables,149,499,0.7,4,7732,Computers&Accessories
B0B3RHX6B6,"Ambrane BCL-15 Lightning Cable for Smartphone (1.5m Black)",Computers&Accessories|Accessories&Peripherals|Cables&Accessories|Cables|USBCables,149,399,0.63,3.9,57,Computers&Accessories
B084N18QZY,"Belkin USB C to USB-C Fast Charging Type C Cable, 60W PD, 3.3 feet (1 meter) for Laptop, Personal Computer, Tablet, Smartphone - Black, USB-IF Certified",Computers&Accessories|Accessories&Peripherals|Cables&Accessories|Cables|USBCables,599,849,0.29,4.5,577,Computers&Accessories
B081NHWT6Z,"LOHAYA Television Remote Compatible with Samsung Smart LED/LCD/HD TV Remote Control [ Compatible for All Samsung Tv Remote Control ]","Electronics|HomeTheater,TV&Video|Accessories|RemoteControls",299,1199,0.75,3.9,1193,Electronics
B07JPJJZ2H,"Wayona Nylon Braided Lightning USB Data Sync & 3A Charging Cable for iPhones, iPad Air, iPad Mini, iPod Nano and iPod Touch (3 FT Pack of 1, Grey)",Computers&Accessories|Accessories&Peripherals|Cables&Accessories|Cables|USBCables,399,1299,0.69,4.2,13120,Computers&Accessories
B09JKNF147,"Electvision Remote Control Compatible with Kodak/Thomson Smart led tv (Without Voice) Before Placing Order for verification Contact Our coustmer Care 7738090464","Electronics|HomeTheater,TV&Video|Accessories|RemoteControls",339,1999,0.83,4,343,Electronics
B0B9959XF3,"Acer 80 cm (32 inches) S Series HD Ready Android Smart LED TV AR32AR2841HDSB (Black)","Electronics|HomeTheater,TV&Video|Televisions|SmartTelevisions",12499,22990,0.46,4.3,1611,Electronics
B09PNR6F8Q,"realme 10W Fast Charging Micro-USB Cable (Braided, Black)",Computers&Accessories|Accessories&Peripherals|Cables&Accessories|Cables|USBCables,249,399,0.38,4,6558,Computers&Accessories
B07M69276N,"TP-Link AC1300 USB WiFi Adapter (Archer T3U) - 2.4G/5G Dual Band Mini Wireless Network Adapter for PC Desktop, MU-MIMO Wi-Fi Dongle, USB 3.0, Supports Windows 11,10, 8.1, 8, 7, XP/Mac OS 10.15 and earlier",Computers&Accessories|NetworkingDevices|NetworkAdapters|WirelessUSBAdapters,1399,2499,0.44,4.4,23169,Computers&Accessories
B0B1YZ9CB8,"Acer 139 cm (55 inches) I Series 4K Ultra HD Android Smart LED TV AR55AR2851UDFL (Black)","Electronics|HomeTheater,TV&Video|Televisions|SmartTelevisions",32999,47990,0.31,4.3,4703,Electronics
B09YLYB9PB,"Ambrane 60W / 3A Fast Charging Output Cable with Micro to USB for Mobile, Neckband, True Wireless Earphone Charging, 480mbps Data Sync Speed, 1m Length (ACM - AZ1, Black)",Computers&Accessories|Accessories&Peripherals|Cables&Accessories|Cables|USBCables,149,399,0.63,4,1423,Computers&Accessories
B08CTNJ985,"Wayona USB Type C 65W Fast Charging 2M/6Ft Long Flash Charge Cable 3A QC 3.0 Data Cable Compatible with Samsung Galaxy S21 S10 S9 S8, iQOO Z3, Vivo, Note 10 9 8, A20e A40 A50 A70, Moto G7 G8 (2M, Grey)",Computers&Accessories|Accessories&Peripherals|Cables&Accessories|Cables|USBCables,325,999,0.67,4.3,2651,Computers&Accessories
B0BP7XLX48,"Syncwire LTG to USB Cable for Fast Charging Compatible with Phone 5/ 5C/ 5S/ 6/ 6S/ 7/8/ X/XR/XS Max/ 11/12/ 13 Series and Pad Air/Mini, Pod & Other Devices (1.1 Meter, White)",Computers&Accessories|Accessories&Peripherals|Cables&Accessories|Cables|USBCables,399,1999,0.8,5,5,Computers&Accessories
B09LHXNZLR,"Skadioo WiFi Adapter for pc | Car Accessories, WiFi Dongle for pc | USB WiFi Adapter for pc | Wi-Fi Receiver 2.4GHz, 802.11b/g/n UNano Size WiFi Dongle Compatible Adapter,WiFi dongle for pc",Computers&Accessories|NetworkingDevices|NetworkAdapters|WirelessUSBAdapters,199,499,0.6,3.7,612,Computers&Accessories
B0B3N8VG24,"FLiX (Beetel USB to Type C PVC Data Sync & 15W(3A) TPE Fast Charging Cable, Made in India, 480Mbps Data Sync, 1 Meter Long cable for all Andriod & all Type C Devices (Black)(XCD - FPC02)",Computers&Accessories|Accessories&Peripherals|Cables&Accessories|Cables|USBCables,88,299,0.71,4,9378,Computers&Accessories
B08PSVBB2X,"Zoul USB C to USB C Fast Charging Cable 65W Type C to Type C Nylon Braided Cord Compatible with Macbook Oneplus 9 10R Samsung Galaxy S22 S21 Ultra Z Flip3 Macbook Air/Pro M1 Google Pixel 11'' iPad Pro 2020/2018 (2M, Grey)",Computers&Accessories|Accessories&Peripherals|Cables&Accessories|Cables|USBCables,399,1099,0.64,4.1,2685,Computers&Accessories
B0B3MQXNFB,"FLiX (Beetel Flow USB to Micro USB PVC Data Sync & 12W(2.4A) Fast Charging Cable,Made in India,480Mbps Data Sync,Solid Cable,1 Meter Long cable for all Andriod & Micro USB Devices (Black)(XCD-FPM01)",Computers&Accessories|Accessories&Peripherals|Cables&Accessories|Cables|USBCables,58,199,0.71,4,9378,Computers&Accessories
B08XMSKKMM,"7SEVENÂ® Bluetooth Voice Command Remote for Xiaomi Redmi Mi Smart TV with Netflix & Prime Video Hot Keys XMRM-00A","Electronics|HomeTheater,TV&Video|Accessories|RemoteControls",799,1999,0.6,3.3,576,Electronics
B09L8DT7D6,"Sony TV - Remote Compatible for Sony LED Remote Control Works with Sony LED TV by Trend Trail Speed tech & Remote hi Remote & REO India only","Electronics|HomeTheater,TV&Video|Accessories|RemoteControls",205,499,0.59,3.8,313,Electronics
B00GE55L22,"Storite USB 3.0 Cable A to Micro B high Speed Upto 5 Gbps Data Transfer Cable for Portable External Hard Drive - (20cm), Black",Computers&Accessories|Accessories&Peripherals|Cables&Accessories|Cables|USBCables,299,699,0.57,4.1,2957,Computers&Accessories
B0162K34H2,"boAt LTG 500 Apple MFI Certified for iPhone, iPad and iPod 2Mtr Data Cable(Space Grey)",Computers&Accessories|Accessories&Peripherals|Cables&Accessories|Cables|USBCables,849,999,0.15,4.1,6736,Computers&Accessories
B0B8SRZ5SV,"AmazonBasics USB C to Lightning Aluminum with Nylon Braided MFi Certified Charging Cable (Grey, 1.2 meter)",Computers&Accessories|Accessories&Peripherals|Cables&Accessories|Cables|USBCables,949,1999,0.53,4.4,13552,Computers&Accessories
B07CWNJLPC,"AmazonBasics Double Braided Nylon USB Type-C to Type-C 2.0 Cable Smartphone (Dark Grey, 3 feet)",Computers&Accessories|Accessories&Peripherals|Cables&Accessories|Cables|USBCables,499,1200,0.58,4.3,5451,Computers&Accessories
B00NH12R1O,"Amazon Basics USB 3.0 Cable - A Male to Micro B - 6 Feet (1.8 Meters), Black",Computers&Accessories|Accessories&Peripherals|Cables&Accessories|Cables|USBCables,299,485,0.38,4.3,10911,Computers&Accessories
B0B8SSC5D9,"AmazonBasics USB C to Lightning Aluminum with Nylon Braided MFi Certified Charging Cable (Grey, 1.8 meter)",Computers&Accessories|Accessories&Peripherals|Cables&Accessories|Cables|USBCables,949,1999,0.53,4.4,13552,Computers&Accessories
B08WKG2MWT,"Wayona Usb C 65W Fast Charging Cable Compatible For Tablets Samsung S22 S20 S10 S20Fe S21 S21 Ultra A70 A51 A71 A50S M31 M51 M31S M53 5G (1M, Black)",Computers&Accessories|Accessories&Peripherals|Cables&Accessories|Cables|USBCables,379,1099,0.66,4.3,2806,Computers&Accessories
B0B466C3G4,"Karbonn 80 cm (32 inches) Millenium Bezel-Less Series HD Ready Smart LED TV KJW32SKHD (Phantom Black)","Electronics|HomeTheater,TV&Video|Televisions|SmartTelevisions",8990,18990,0.53,3.9,350,Electronics
B005LJQMZC,"BlueRigger Digital Optical Audio Toslink Cable (6 Feet / 1.8 Meter) With 8 Channel (7.1) Audio Support (for Home Theatre, Xbox, Playstation etc.)","Electronics|HomeTheater,TV&Video|Accessories|Cables|OpticalCables",486,1999,0.76,4.2,30023,Electronics
B07MDRGHWQ,"VW 60 cm (24 inches) Premium Series HD Ready LED TV VW24A (Black)","Electronics|HomeTheater,TV&Video|Televisions|StandardTelevisions",5699,11000,0.48,4.2,4003,Electronics
B07DC4RZPY,"Amazon Basics USB A to Lightning MFi Certified Charging Cable (White, 1.2 meter)",Computers&Accessories|Accessories&Peripherals|Cables&Accessories|Cables|USBCables,709,1999,0.65,4.1,178817,Computers&Accessories
B0B15GSPQW,"Samsung 138 cm (55 inches) Crystal 4K Neo Series Ultra HD Smart LED TV UA55AUE65AKXXL (Black)","Electronics|HomeTheater,TV&Video|Televisions|SmartTelevisions",47990,70900,0.32,4.3,7109,Electronics
B08GJNM9N7,"LOHAYA Television Remote Compatible for VU LED LCD HD Tv Remote Control Model No :- EN2B27V","Electronics|HomeTheater,TV&Video|Accessories|RemoteControls",299,1199,0.75,3.7,490,Electronics
B09C6FML9B,"Duracell Micro USB 3A Braided Sync & Fast Charging Cable, 3.9 Feet (1.2M). Supports QC 2.0/3.0 Charging, High Speed Data Transmission - Black",Computers&Accessories|Accessories&Peripherals|Cables&Accessories|Cables|USBCables,320,599,0.47,4.1,491,Computers&Accessories
B0B65MJ45G,"Zebronics CU3100V Fast charging Type C cable with QC 18W support, 3A max capacity, 1 meter braided cable, Data transfer and Superior durability (Braided Black + White)",Computers&Accessories|Accessories&Peripherals|Cables&Accessories|Cables|USBCables,139,549,0.75,3.9,61,Computers&Accessories
B08P9RYPLR,"FLiX (Beetel) USB to iPhone Lightning Textured Pattern Data Sync & 2A Fast Charging Cable, Made in India, 480Mbps Data Sync, Tough Cable, 1 Meter Long USB Cable for Apple Devices (Black)(XCD-L102)",Computers&Accessories|Accessories&Peripherals|Cables&Accessories|Cables|USBCables,129,249,0.48,4,9378,Computers&Accessories
B0B6F8HHR6,"MI 108 cm (43 inches) 5A Series Full HD Smart Android LED TV L43M7-EAIN (Black)","Electronics|HomeTheater,TV&Video|Televisions|SmartTelevisions",24999,35999,0.31,4.2,32840,Electronics
B084MZXJN6,"Belkin Apple Certified Lightning to USB Charge and Sync Cable for iPhone, iPad, Air Pods, 39.6 inch (100cm) â€“ Black",Computers&Accessories|Accessories&Peripherals|Cables&Accessories|Cables|USBCables,999,1699,0.41,4.4,7318,Computers&Accessories
B08XMG618K,"Time Office Scanner Replacement Cable for Startek FM220U (Type C) Ivory",Computers&Accessories|Accessories&Peripherals|Cables&Accessories|Cables|USBCables,225,499,0.55,4.1,789,Computers&Accessories
B0BCKWZ884,"Caldipree Silicone Case Cover Compatible for 2022 Samsung Smart TV Remote QLED TV BN68-13897A TM2280E (2022-BLACK)","Electronics|HomeTheater,TV&Video|Accessories|RemoteControls",547,2999,0.82,4.3,407,Electronics
B00GGGOYEK,"Storite USB 2.0 A to Mini 5 pin B Cable for External HDDS/Camera/Card Readers 35cm",Computers&Accessories|Accessories&Peripherals|Cables&Accessories|Cables|USBCables,259,699,0.63,3.8,2399,Computers&Accessories
B07ZR4S1G4,"Universal Remote Control for All Sony TV for All LCD LED and Bravia TVs Remote","Electronics|HomeTheater,TV&Video|Accessories|RemoteControls",239,699,0.66,4.4,2640,Electronics
B09C635BMM,"Cotbolt Silicone Case Cover Compatible for Samsung BN59-01312A QLED 8K 4K Smart TV Remote Shockproof Protective Remote Cover (Black)","Electronics|HomeTheater,TV&Video|Accessories|RemoteControls",349,999,0.65,4,839,Electronics
B00GG59HU2,"BlueRigger High Speed HDMI Cable with Ethernet - Supports 3D, 4K 60Hz and Audio Return - Latest Version (3 Feet / 0.9 Meter)","Electronics|HomeTheater,TV&Video|Accessories|Cables|HDMICables",467,599,0.22,4.4,44054,Electronics
B00RGLI0ZS,"Amkette 30 Pin to USB Charging & Data Sync Cable for iPhone 3G/3GS/4/4s/iPad 1/2/3, iPod Nano 5th/6th Gen and iPod Touch 3rd/4th Gen -1.5m (Black)",Computers&Accessories|Accessories&Peripherals|Cables&Accessories|Cables|USBCables,449,599,0.25,4,3231,Computers&Accessories
B09ZPJT8B2,"TCL 80 cm (32 inches) HD Ready Certified Android Smart LED TV 32S615 (Black)","Electronics|HomeTheater,TV&Video|Televisions|SmartTelevisions",11990,31990,0.63,4.2,64,Electronics
B07HZ2QCGR,"POPIO Type C Dash Charging USB Data Cable for OnePlus Devices",Computers&Accessories|Accessories&Peripherals|Cables&Accessories|Cables|USBCables,350,599,0.42,3.9,8314,Computers&Accessories
B095244Q22,"MYVN LTG to USB forÂ Fast Charging & Data Sync USB Cable Compatible for iPhone 5/5s/6/6S/7/7+/8/8+/10/11, iPad Air/Mini, iPod and iOS Devices (1 M)",Computers&Accessories|Accessories&Peripherals|Cables&Accessories|Cables|USBCables,252,999,0.75,3.7,2249,Computers&Accessories
B08CKW1KH9,"Tata Sky Universal Remote Compatible for SD/HD","Electronics|HomeTheater,TV&Video|Accessories|RemoteControls",204,599,0.66,3.6,339,Electronics
B08RHPDNVV,"7SEVENÂ® Compatible Tata Sky Remote Control Replacement of Original dth SD HD tata Play Set top Box Remote - IR Learning Universal Remote for Any Brand TV - Pairing Must","Electronics|HomeTheater,TV&Video|Accessories|RemoteControls",235,599,0.61,3.5,197,Electronics
B00NH13Q8W,"AmazonBasics USB 2.0 Extension Cable for Personal Computer, Printer, 2-Pack - A-Male to A-Female - 3.3 Feet (1 Meter, Black)",Computers&Accessories|Accessories&Peripherals|Cables&Accessories|Cables|USBCables,299,800,0.63,4.5,74977,Computers&Accessories
B0B8SSZ76F,"Amazon Basics USB C to Lightning TPE MFi Certified Charging Cable (White, 1.2 meter)",Computers&Accessories|Accessories&Peripherals|Cables&Accessories|Cables|USBCables,799,1999,0.6,4.2,8583,Computers&Accessories
B0841KQR1Z,"Crypoâ„¢ Universal Remote Compatible with Tata Sky Universal HD & SD Set top Box (Also Works with All TV)","Electronics|HomeTheater,TV&Video|Accessories|RemoteControls",299,999,0.7,3.8,928,Electronics
B0B467CCB9,"Karbonn 80 cm (32 Inches) Millennium Series HD Ready LED TV KJW32NSHDF (Phantom Black) with Bezel-Less Design","Electronics|HomeTheater,TV&Video|Televisions|StandardTelevisions",6999,16990,0.59,3.8,110,Electronics
B095JQVC7N,"OnePlus 138.7 cm (55 inches) U Series 4K LED Smart Android TV 55U1S (Black)","Electronics|HomeTheater,TV&Video|Televisions|SmartTelevisions",42999,59999,0.28,4.1,6753,Electronics
B08PPHFXG3,"Posh 1.5 Meter High Speed Gold Plated HDMI Male to Female Extension Cable (Black)","Electronics|HomeTheater,TV&Video|Accessories|Cables|HDMICables",173,999,0.83,4.3,1237,Electronics
B06XR9PR5X,"Amazon Basics HDMI Coupler,Black",Electronics|HomeAudio|Accessories|Adapters,209,600,0.65,4.4,18872,Electronics
B09JSW16QD,"boAt LTG 550v3 Lightning Apple MFi Certified Cable with Spaceship Grade Aluminium Housing,Stress Resistance, Rapid 2.4A Charging & 480mbps Data Sync, 1m Length & 10000+ Bends Lifespan(Mercurial Black)",Computers&Accessories|Accessories&Peripherals|Cables&Accessories|Cables|USBCables,849,1490,0.43,3.9,356,Computers&Accessories
B07JH1CBGW,"Wayona Nylon Braided Usb Syncing And Charging Cable Sync And Charging Cable For Iphone, Ipad (3 Ft, Black) - Pack Of 2",Computers&Accessories|Accessories&Peripherals|Cables&Accessories|Cables|USBCables,649,1999,0.68,4.2,24269,Computers&Accessories
B09127FZCK,"Astigo Compatible Remote for Airtel Digital Set Top Box (Pairing Required with TV Remote)","Electronics|HomeTheater,TV&Video|Accessories|RemoteControls",299,899,0.67,3.8,425,Electronics
B083GQGT3Z,"Caprigo Heavy Duty TV Wall Mount Stand for 12 to 27 inches LED/LCD/Monitor Screen's, Full Motion Rotatable Universal TV & Monitor Wall Mount Bracket with Swivel & Tilt Adjustments (Single Arm - M416)","Electronics|HomeTheater,TV&Video|Accessories|TVMounts,Stands&Turntables|TVWall&CeilingMounts",399,799,0.5,4.1,1161,Electronics
B09Q8WQ5QJ,"Portronics Konnect L 60W PD Type C to Type C Mobile Charging Cable, 1.2M, Fast Data Sync, Tangle Resistant, TPE+Nylon Braided(Grey)",Computers&Accessories|Accessories&Peripherals|Cables&Accessories|Cables|USBCables,249,499,0.5,4.1,1508,Computers&Accessories
B07YZG8PPY,"TATA SKY HD Connection with 1 month basic package and free installation","Electronics|HomeTheater,TV&Video|SatelliteEquipment|SatelliteReceivers",1249,2299,0.46,4.3,7636,Electronics
B09H39KTTB,"Remote Compatible for Samsung LED/LCD Remote Control Works with Samsung LED/LCD TV by Trend Trail","Electronics|HomeTheater,TV&Video|Accessories|RemoteControls",213,499,0.57,3.7,246,Electronics
B08DCVRW98,"SoniVision SA-D10 SA-D100 SA-D40 Home Theater Systems Remote Compatible with Sony RM-ANU156","Electronics|HomeTheater,TV&Video|Accessories|RemoteControls",209,499,0.58,4,479,Electronics
B0718ZN31Q,"Rtsâ„¢ High Speed 3D Full HD 1080p Support (10 Meters) HDMI Male to HDMI Male Cable TV Lead 1.4V for All Hdmi Devices- Black (10M - 30 FEET)","Electronics|HomeTheater,TV&Video|Accessories|Cables|HDMICables",598,4999,0.88,4.2,910,Electronics
B0162LYSFS,"boAt LTG 500 Apple MFI Certified for iPhone, iPad and iPod 2Mtr Data Cable(Metallic Silver)",Computers&Accessories|Accessories&Peripherals|Cables&Accessories|Cables|USBCables,799,1749,0.54,4.1,5626,Computers&Accessories
B07PFJ5VQD,"Agaro Blaze USBA to micro +Type C 2in1 Braided 1.2M Cable",Computers&Accessories|Accessories&Peripherals|Cables&Accessories|Cables|USBCables,159,595,0.73,4.3,14184,Computers&Accessories
B01J8S6X2I,"AmazonBasics 6 Feet DisplayPort to DisplayPort Cable - (Not HDMI Cable) (Gold)",Computers&Accessories|Accessories&Peripherals|Cables&Accessories|Cables|DVICables,499,1100,0.55,4.4,25177,Computers&Accessories
B09MJ77786,"MI 108 cm (43 inches) 5X Series 4K Ultra HD LED Smart Android TV L43M6-ES (Grey)","Electronics|HomeTheater,TV&Video|Televisions|SmartTelevisions",31999,49999,0.36,4.3,21252,Electronics
B09NNGHG22,"Sansui 140cm (55 inches) 4K Ultra HD Certified Android LED TV with Dolby Audio & Dolby Vision JSW55ASUHD (Mystique Black)","Electronics|HomeTheater,TV&Video|Televisions|SmartTelevisions",32990,56790,0.42,4.3,567,Electronics
B07V5YF4ND,"LOHAYA LCD/LED Remote Compatible for Sony Bravia Smart LCD LED UHD OLED QLED 4K Ultra HD TV Remote Control with YouTube & Netflix Function [ Compatible for Sony Tv Remote Control ]","Electronics|HomeTheater,TV&Video|Accessories|RemoteControls",299,1199,0.75,3.5,466,Electronics
B0B65P827P,"Zebronics CU3100V Fast charging Type C cable with QC 18W support, 3A max capacity, 1 meter braided cable, Data transfer and Superior durability (Braided Black )",Computers&Accessories|Accessories&Peripherals|Cables&Accessories|Cables|USBCables,128,549,0.77,3.9,61,Computers&Accessories
B084MZYBTV,"Belkin USB C to USB-C Fast Charging Type C Cable, 60W PD, 3.3 feet (1 meter) for Laptop, Personal Computer, Tablet, Smartphone - White, USB-IF Certified",Computers&Accessories|Accessories&Peripherals|Cables&Accessories|Cables|USBCables,599,849,0.29,4.5,474,Computers&Accessories
B097ZQTDVZ,"7SEVENÂ® TCL Remote Control Smart TV RC802V Remote Compatible for TCL TV Remote Original 55EP680 40A325 49S6500 55P8S 55P8 50P8 65P8 40S6500 43S6500FS 49S6800FS 49S6800 49S6510FS(Without Voice Function/Google Assistant and Non-Bluetooth remote)","Electronics|HomeTheater,TV&Video|Accessories|RemoteControls",399,899,0.56,3.4,431,Electronics
B0B5F3YZY4,"Wayona 3in1 Nylon Braided 66W USB Fast Charging Cable with Type C, Lightening and Micro USB Port, Compatible with iPhone, iPad, Samsung Galaxy, OnePlus, Mi, Oppo, Vivo, iQOO, Xiaomi (1M, Black)",Computers&Accessories|Accessories&Peripherals|Cables&Accessories|Cables|USBCables,449,1099,0.59,4,242,Computers&Accessories
B09G5TSGXV,"Hi-Mobiler iPhone Charger Lightning Cable,2 Pack Apple MFi Certified USB iPhone Fast Chargering Cord,Data Sync Transfer for 13/12/11 Pro Max Xs X XR 8 7 6 5 5s iPad iPod More Model Cell Phone Cables",Computers&Accessories|Accessories&Peripherals|Cables&Accessories|Cables|USBCables,254,799,0.68,4,2905,Computers&Accessories
B006LW0WDQ,"Amazon Basics 16-Gauge Speaker Wire - 50 Feet","Electronics|HomeTheater,TV&Video|Accessories|Cables|SpeakerCables",399,795,0.5,4.4,12091,Electronics
B09YLX91QR,"Ambrane 60W / 3A Fast Charging Output Cable with Type-C to USB for Mobile, Neckband, True Wireless Earphone Charging, 480mbps Data Sync Speed, 1m Length (ACT - AZ10, White)",Computers&Accessories|Accessories&Peripherals|Cables&Accessories|Cables|USBCables,179,399,0.55,4,1423,Computers&Accessories
B081FJWN52,"Wayona Usb Type C To Usb Nylon Braided Quick Charger Fast Charging Short Cable For Smartphone (Samsung Galaxy S21/S20/S10/S9/S9+/Note 9/S8/Note 8, Lg G7 G5 G6, Moto G6 G7) (0.25M,Grey)",Computers&Accessories|Accessories&Peripherals|Cables&Accessories|Cables|USBCables,339,999,0.66,4.3,6255,Computers&Accessories
B0758F7KK7,"Caprigo Heavy Duty TV Wall Mount Bracket for 14 to 32 Inch LED/HD/Smart TVâ€™s, Universal Fixed TV Wall Mount Stand (M452)","Electronics|HomeTheater,TV&Video|Accessories|TVMounts,Stands&Turntables|TVWall&CeilingMounts",399,999,0.6,4,1236,Electronics
B09L835C3V,"SmashtronicsÂ® - Case for Firetv Remote, Fire Stick Remote Cover Case, Silicone Cover for TV Firestick 4K/TV 2nd Gen(3rd Gen) Remote Control - Light Weight/Anti Slip/Shockproof (Black)","Electronics|HomeTheater,TV&Video|Accessories|RemoteControls",199,399,0.5,4.2,1335,Electronics
B098TV3L96,"Electvision Remote Control for led Smart tv Compatible with VU Smart Led (Without Voice)","Electronics|HomeTheater,TV&Video|Accessories|RemoteControls",349,1999,0.83,3.8,197,Electronics
B08NCKT9FG,"Boat A 350 Type C Cable 1.5m(Jet Black)",Computers&Accessories|Accessories&Peripherals|Cables&Accessories|Cables|USBCables,299,798,0.63,4.4,28791,Computers&Accessories
B0B4T6MR8N,"pTron Solero M241 2.4A Micro USB Data & Charging Cable, Made in India, 480Mbps Data Sync, Durable 1-Meter Long USB Cable for Micro USB Devices (White)",Computers&Accessories|Accessories&Peripherals|Cables&Accessories|Cables|USBCables,89,800,0.89,3.9,1075,Computers&Accessories
B01GGKZ4NU,"AmazonBasics USB Type-C to USB Type-C 2.0 Cable for Charging Adapter, Smartphone - 9 Feet (2.7 Meters) - White",Computers&Accessories|Accessories&Peripherals|Cables&Accessories|Cables|USBCables,549,995,0.45,4.2,29746,Computers&Accessories
B09BW2GP18,"Croma 3A Fast charge 1m Type-C to All Type-C Phones sync and charge cable, Made in India, 480Mbps Data transfer rate, Tested Durability with 8000+ bends (12 months warranty) - CRCMA0106sTC10, Black",Computers&Accessories|Accessories&Peripherals|Cables&Accessories|Cables|USBCables,129,1000,0.87,3.9,295,Computers&Accessories
B09WN3SRC7,"Sony Bravia 164 cm (65 inches) 4K Ultra HD Smart LED Google TV KD-65X74K (Black)","Electronics|HomeTheater,TV&Video|Televisions|SmartTelevisions",77990,139900,0.44,4.7,5935,Electronics
B09B125CFJ,"7SEVENÂ® Compatible for Mi tv Remote Control Original Suitable with Smart Android 4K LED Non Voice Command Xiaomi Redmi Remote of 4A Model 32 43 55 65 inches","Electronics|HomeTheater,TV&Video|Accessories|RemoteControls",349,799,0.56,3.6,323,Electronics
B09RQRZW2X,"7SEVENÂ® Compatible Vu Smart Tv Remote Control Suitable for Original 4K Android LED Ultra HD UHD Vu Tv Remote with Non Voice Feature without google assistant","Electronics|HomeTheater,TV&Video|Accessories|RemoteControls",499,899,0.44,3.7,185,Electronics
B07924P3C5,"Storite High Speed Micro USB 3.0 Cable A to Micro B for External & Desktop Hard Drives 45cm",Computers&Accessories|Accessories&Peripherals|Cables&Accessories|Cables|USBCables,299,799,0.63,4.2,2117,Computers&Accessories
B08N1WL9XW,"FLiX (Beetel) 3in1 (Type C|Micro|Iphone Lightening) Textured Pattern 3A Fast Charging Cable with QC & PD Support for Type C,Micro USB & Lightning Iphone Cable,Made in India,1.5 Meter Long Cable(T101)",Computers&Accessories|Accessories&Peripherals|Cables&Accessories|Cables|USBCables,182,599,0.7,4,9378,Computers&Accessories
B07VVXJ2P5,"SVM Products Unbreakable Set Top Box Stand with Dual Remote Holder (Black)","Electronics|HomeTheater,TV&Video|Accessories|TVMounts,Stands&Turntables|TVWall&CeilingMounts",96,399,0.76,3.6,1796,Electronics
B0BC8BQ432,"VU 164 cm (65 inches) The GloLED Series 4K Smart LED Google TV 65GloLED (Grey)","Electronics|HomeTheater,TV&Video|Televisions|SmartTelevisions",54990,85000,0.35,4.3,3587,Electronics
B06XFTHCNY,"CableCreation RCA to 3.5mm Male Audio Cable, 3.5mm to 2RCA Cable Male RCA Cable,Y Splitter Stereo Jack Cable for Home Theater,Subwoofer, Receiver, Speakers and More (3Feet/0.9Meter,Black)","Electronics|HomeTheater,TV&Video|Accessories|Cables|RCACables",439,758,0.42,4.2,4296,Electronics
B08CT62BM1,"Wayona USB Type C Fast Charging Cable Charger Cord 3A QC 3.0 Data Cable Compatible with Samsung Galaxy S10e S10 S9 S8 S20 Plus, Note 10 9 8, M51 A40 A50 A70, Moto G7 G8 (1M, Grey)",Computers&Accessories|Accessories&Peripherals|Cables&Accessories|Cables|USBCables,299,999,0.7,4.3,2651,Computers&Accessories
B07CRL2GY6,"boAt Rugged V3 Braided Micro USB Cable (Pearl White)",Computers&Accessories|Accessories&Peripherals|Cables&Accessories|Cables|USBCables,299,799,0.63,4.2,94363,Computers&Accessories
B07DWFX9YS,"Amazon Basics USB A to Lightning PVC Molded Nylon MFi Certified Charging Cable (Black, 1.2 meter)",Computers&Accessories|Accessories&Peripherals|Cables&Accessories|Cables|USBCables,789,1999,0.61,4.2,34540,Computers&Accessories
B01D5H90L4,"AmazonBasics - High-Speed Male to Female HDMI Extension Cable - 6 Feet","Electronics|HomeTheater,TV&Video|Accessories|Cables|HDMICables",299,700,0.57,4.4,8714,Electronics
B07F1P8KNV,"Wayona Nylon Braided Usb Type C 3Ft 1M 3A Fast Charger Cable For Samsung Galaxy S9 S8 (Wc3Cb1, Black)",Computers&Accessories|Accessories&Peripherals|Cables&Accessories|Cables|USBCables,325,1099,0.7,4.2,10576,Computers&Accessories
B084N1BM9L,"Belkin Apple Certified Lightning to USB Charge and Sync Tough Braided Cable for iPhone, iPad, Air Pods, 3.3 feet (1 meters) â€“ Black",Computers&Accessories|Accessories&Peripherals|Cables&Accessories|Cables|USBCables,1299,1999,0.35,4.4,7318,Computers&Accessories
B09F6D21BY,"7SEVEN Compatible LG TV Remote Suitable for LG Non Magic Smart tv Remote Control (Mouse & Voice Non-Support) MR20GA Prime Video and Netflix Hotkeys","Electronics|HomeTheater,TV&Video|Accessories|RemoteControls",790,1999,0.6,3,103,Electronics
B09LQQYNZQ,"Realme Smart TV Stick 4K",Electronics|HomeAudio|MediaStreamingDevices|StreamingClients,4699,4699,0,4.5,224,Electronics
B0BC9BW512,"Acer 100 cm (40 inches) P Series Full HD Android Smart LED TV AR40AR2841FDFL (Black)","Electronics|HomeTheater,TV&Video|Televisions|SmartTelevisions",18999,24990,0.24,4.3,4702,Electronics
B0B61HYR92,"Lapster usb 2.0 mantra cable, mantra mfs 100 data cable (black)",Computers&Accessories|Accessories&Peripherals|Cables&Accessories|Cables|USBCables,199,999,0.8,4.2,85,Computers&Accessories
B075ZTJ9XR,"AmazonBasics High-Speed Braided HDMI Cable - 3 Feet - Supports Ethernet, 3D, 4K and Audio Return (Black)","Electronics|HomeTheater,TV&Video|Accessories|Cables|HDMICables",269,650,0.59,4.4,35877,Electronics
B0978V2CP6,"Cubetek 3 in 1 LCD Display V5.0 Bluetooth Transmitter Receiver, Bypass Audio Adapter with Aux, Optical, Dual Link Support for TV, Home Stereo, PC, Headphones, Speakers, Model: CB-BT27","Electronics|HomeTheater,TV&Video|AVReceivers&Amplifiers",1990,3100,0.36,4,897,Electronics
B09LRZYBH1,"KRISONS Thunder Speaker, Multimedia Home Theatre, Floor Standing Speaker, LED Display with Bluetooth, FM, USB, Micro SD Card, AUX Connectivity",Electronics|HomeAudio|Speakers|TowerSpeakers,2299,3999,0.43,3.8,282,Electronics
B0B997FBZT,"Acer 139 cm (55 inches) H Series 4K Ultra HD Android Smart LED TV AR55AR2851UDPRO (Black)","Electronics|HomeTheater,TV&Video|Televisions|SmartTelevisions",35999,49990,0.28,4.3,1611,Electronics
B098LCVYPW,"Dealfreez Case Compatible for Fire TV Stick 4K All Alexa Voice Remote Shockproof Silicone Anti-Lost Cover with Loop (C-Black)","Electronics|HomeTheater,TV&Video|Accessories|RemoteControls",349,999,0.65,4.2,513,Electronics
B09HV71RL1,"Wayona Type C to Lightning MFI Certified 20W Fast charging Nylon Braided USB C Cable for iPhone 14 Pro, 14 Pro Max, 14, 14 Plus, 13, 13 Pro, 13 Pro Max, 13 Mini, 12, 12 Pro, 11, 11 Pro Max, iPhone 12 Mini (2M, Black)",Computers&Accessories|Accessories&Peripherals|Cables&Accessories|Cables|USBCables,719,1499,0.52,4.1,1045,Computers&Accessories
B08PZ6HZLT,"VW 80 cm (32 inches) HD Ready Android Smart LED TV VW32PRO (Black)","Electronics|HomeTheater,TV&Video|Televisions|SmartTelevisions",8999,18999,0.53,4,6347,Electronics
B075TJHWVC,"Airtel Digital TV HD Set Top Box with 1 Month Basic Pack with Recording + Free Standard Installation","Electronics|HomeTheater,TV&Video|SatelliteEquipment|SatelliteReceivers",917,2299,0.6,4.2,3300,Electronics
B09LV13JFB,"LOHAYA Voice Assistant Remote Compatible for Airtel Xstream Set-Top Box Remote Control with Netflix Function (Black) (Non - Voice)","Electronics|HomeTheater,TV&Video|Accessories|RemoteControls",399,999,0.6,3.3,23,Electronics
B092BL5DCX,"Samsung 138 cm (55 inches) Crystal 4K Series Ultra HD Smart LED TV UA55AUE60AKLXL (Black)","Electronics|HomeTheater,TV&Video|Televisions|SmartTelevisions",45999,69900,0.34,4.3,7109,Electronics
B09VH568H7,"Amazon Brand - Solimo 3A Fast Charging Tough Type C USB Data CableÂ  â€“ 1 Meter",Computers&Accessories|Accessories&Peripherals|Cables&Accessories|Cables|USBCables,119,299,0.6,3.8,51,Computers&Accessories
B09HQSV46W,"Mi 100 cm (40 inches) Horizon Edition Full HD Android LED TV 4A | L40M6-EI (Black)","Electronics|HomeTheater,TV&Video|Televisions|SmartTelevisions",21999,29999,0.27,4.2,32840,Electronics
